accuracy_10,loss_10,accuracy_11,loss_11,accuracy_12,loss_12,accuracy_13,loss_13,accuracy_14,loss_14,accuracy_15,loss_15,accuracy_16,loss_16,accuracy_17,loss_17,accuracy_18,loss_18,accuracy_19,loss_19
0.199080005288124,2.118081331253052,0.1422400027513504,2.245882511138916,0.197500005364418,2.165887355804444,0.2291000038385391,2.167815685272217,0.2848800122737884,2.077669382095337,0.1977799981832504,2.1650469303131104,0.2852999866008758,2.040825605392456,0.2680599987506866,1.9845750331878664,0.2099200040102005,2.1140658855438232,0.147719994187355,2.2355380058288574
0.3233000040054321,1.8622514009475708,0.17637999355793,2.1606433391571045,0.3577600121498108,1.857629418373108,0.3798800110816955,1.897804379463196,0.5084400177001953,1.554038643836975,0.3460800051689148,1.8196909427642824,0.4887000024318695,1.5683094263076782,0.4971800148487091,1.4879558086395264,0.3601000010967254,1.7312588691711426,0.1921599954366684,2.0151610374450684
0.3783999979496002,1.6669057607650757,0.2238399982452392,2.019571304321289,0.4394200146198272,1.610015034675598,0.4402599930763244,1.7196340560913086,0.6013399958610535,1.2305344343185425,0.5095800161361694,1.5291380882263184,0.6109399795532227,1.2674765586853027,0.5882999897003174,1.2255516052246094,0.4688799977302551,1.4790014028549194,0.2338999956846237,1.873018860816956
0.4380599856376648,1.5001723766326904,0.2959400117397308,1.8817408084869385,0.5054600238800049,1.4090344905853271,0.4725399911403656,1.564331293106079,0.6689199805259705,1.032934069633484,0.5860400199890137,1.3092626333236694,0.6560199856758118,1.0945909023284912,0.6414999961853027,1.0750205516815186,0.5750200152397156,1.2914210557937622,0.3302400112152099,1.7745718955993652
0.4906800091266632,1.3752707242965698,0.3099200129508972,1.7679412364959717,0.5799000263214111,1.2474981546401978,0.4974600076675415,1.4380651712417605,0.7139599919319153,0.8976203203201294,0.6279799938201904,1.1548351049423218,0.6893399953842163,0.9832161664962769,0.6800400018692017,0.9729575514793396,0.6500800251960754,1.1441853046417236,0.4072799980640411,1.6966289281845093
0.5309200286865234,1.2857706546783447,0.3274599909782409,1.6790704727172852,0.6239399909973145,1.1224337816238403,0.5317800045013428,1.33821702003479,0.750540018081665,0.8022431135177612,0.6557199954986572,1.0460041761398315,0.7071999907493591,0.912976622581482,0.70660001039505,0.9039099812507628,0.6992200016975403,1.0227278470993042,0.4392000138759613,1.6307487487792969
0.5579000115394592,1.2165757417678833,0.3587200045585632,1.6141314506530762,0.662060022354126,1.028643250465393,0.5674399733543396,1.262526512145996,0.7781800031661987,0.7256097793579102,0.6786999702453613,0.968160092830658,0.7249000072479248,0.8617203235626221,0.7251200079917908,0.8536184430122375,0.7258999943733215,0.9315572381019592,0.4615800082683563,1.5726921558380127
0.5771999955177307,1.1620545387268066,0.3814800083637237,1.5628364086151123,0.6914600133895874,0.9616928100585938,0.5963600277900696,1.2060301303863523,0.7920799851417542,0.6788012385368347,0.6978999972343445,0.9091039299964904,0.7379400134086609,0.8222120404243469,0.7403799891471863,0.8163992166519165,0.741599977016449,0.8684267401695251,0.476639986038208,1.5235847234725952
0.5927600264549255,1.1176098585128784,0.3959600031375885,1.5229785442352295,0.7133200168609619,0.9084559082984924,0.6196200251579285,1.1573854684829712,0.8060799837112427,0.6352881789207458,0.7131800055503845,0.861794114112854,0.749239981174469,0.7900541424751282,0.752780020236969,0.7837947010993958,0.7533599734306335,0.8221133351325989,0.4835000038146972,1.4779179096221924
0.6078600287437439,1.0773547887802124,0.4092400074005127,1.4891945123672483,0.7320200204849243,0.867309033870697,0.638759970664978,1.1225407123565674,0.8169000148773193,0.6059142351150513,0.7277399897575378,0.8281016945838928,0.7614799737930298,0.7608590126037598,0.764240026473999,0.7572083473205566,0.7643399834632874,0.7879586815834045,0.4989599883556366,1.439125418663025
0.6180999875068665,1.0462170839309692,0.41975998878479,1.4615144729614258,0.742579996585846,0.8365869522094727,0.6496800184249878,1.0893632173538208,0.8252999782562256,0.5779755115509033,0.7414199709892273,0.7966229915618896,0.7687600255012512,0.7391202449798584,0.7736999988555908,0.7335885167121887,0.7717599868774414,0.7601940631866455,0.5051400065422058,1.406918168067932
0.6299800276756287,1.0190958976745603,0.4323199987411499,1.4356083869934082,0.7511199712753296,0.8128465414047241,0.6606400012969971,1.060387134552002,0.8319399952888489,0.5590891242027283,0.7500600218772888,0.771545946598053,0.7793800234794617,0.7169647812843323,0.7815799713134766,0.7123626470565796,0.7790799736976624,0.7381659150123596,0.5136200189590454,1.380464792251587
0.639680027961731,0.9939193725585938,0.4410600066184997,1.411556839942932,0.7582200169563293,0.789762556552887,0.6665400266647339,1.0367834568023682,0.8353400230407715,0.5432621240615845,0.7607600092887878,0.7488788962364197,0.7855799794197083,0.6980814933776855,0.7884399890899658,0.6952807307243347,0.7842000126838684,0.7183377146720886,0.521340012550354,1.3544548749923706
0.6529600024223328,0.9753180742263794,0.4497599899768829,1.39056658744812,0.7645400166511536,0.7696784138679504,0.6754800081253052,1.0139137506484983,0.8423399925231934,0.5293622016906738,0.7652000188827515,0.7312917113304138,0.7931399941444397,0.678435206413269,0.79339998960495,0.6781373620033264,0.7899199724197388,0.7027003169059753,0.5307199954986572,1.3331717252731323
0.6648799777030945,0.9555689692497252,0.5222600102424622,1.3700584173202517,0.7713800072669983,0.7543509602546692,0.6790800094604492,0.9972140789031982,0.8445600271224976,0.5225512385368347,0.775879979133606,0.7120485901832581,0.8000199794769287,0.6609407663345337,0.8002600073814392,0.6637514233589172,0.7932599782943726,0.6893918514251709,0.5370000004768372,1.3161649703979492
0.6741399765014648,0.9373102188110352,0.5375800132751465,1.353871464729309,0.7729399800300598,0.7405959963798523,0.6848999857902527,0.9798779487609864,0.8489000201225281,0.5094318389892578,0.7778000235557556,0.701340913772583,0.8049200177192688,0.6473138928413391,0.8036400079727173,0.6519032120704651,0.798520028591156,0.6794884204864502,0.5427600145339966,1.2966493368148804
0.6798400282859802,0.9252657294273376,0.5458400249481201,1.3378589153289795,0.7769799828529358,0.731133222579956,0.6890599727630615,0.9651944637298584,0.8493199944496155,0.5043686032295227,0.7833600044250488,0.6855930685997009,0.8102200031280518,0.6305860877037048,0.8080199956893921,0.6395919322967529,0.8004400134086609,0.6692261099815369,0.5492600202560425,1.2832372188568115
0.6852999925613403,0.9136933088302612,0.554639995098114,1.318929672241211,0.7799599766731262,0.7181590795516968,0.6909000277519226,0.9519110321998596,0.8531200289726257,0.4965667724609375,0.7880200147628784,0.6742373704910278,0.8188199996948242,0.6138868927955627,0.8134400248527527,0.6282778382301331,0.8025799989700317,0.6593189239501953,0.5573400259017944,1.270844578742981
0.6928200125694275,0.90284663438797,0.5601000189781189,1.3051379919052124,0.7837200164794922,0.708399772644043,0.6967399716377258,0.939745843410492,0.8564800024032593,0.4892628788948059,0.7915400266647339,0.662760853767395,0.8215000033378601,0.6029908061027527,0.8152400255203247,0.620337724685669,0.8042399883270264,0.6531698703765869,0.5588200092315674,1.2600924968719482
0.6980400085449219,0.8911222815513611,0.5638599991798401,1.2898551225662231,0.7878400087356567,0.7006357908248901,0.699679970741272,0.9286940097808838,0.8573399782180786,0.4848026037216186,0.7940800189971924,0.6549070477485657,0.8265799880027771,0.5919249057769775,0.8184999823570251,0.6100108623504639,0.8054599761962891,0.6485836505889893,0.5660600066184998,1.2477270364761353
0.7018399834632874,0.8819195032119751,0.567579984664917,1.2770403623580933,0.7885599732398987,0.6917756199836731,0.6999800205230713,0.9204367399215698,0.8584399819374084,0.4807048439979553,0.7986599802970886,0.6453461050987244,0.8313400149345398,0.5777286887168884,0.8210999965667725,0.6023643612861633,0.8093799948692322,0.6381415724754333,0.5679399967193604,1.2374780178070068
0.707040011882782,0.8720446825027466,0.5722799897193909,1.2635294198989868,0.7898399829864502,0.6854246258735657,0.70278000831604,0.9106163382530212,0.8597999811172485,0.476453959941864,0.8027600049972534,0.6347733736038208,0.8326399922370911,0.5711674690246582,0.8218799829483032,0.5966338515281677,0.8099200129508972,0.6346551775932312,0.571120023727417,1.2284536361694336
0.710919976234436,0.8622262477874756,0.5762199759483337,1.25480318069458,0.7923600077629089,0.6783565878868103,0.7045199871063232,0.9028127193450928,0.8615400195121765,0.4693197906017303,0.805620014667511,0.6262438893318176,0.8354799747467041,0.5617246627807617,0.8259000182151794,0.5898802876472473,0.8114799857139587,0.6298420429229736,0.5762400031089783,1.2162060737609863
0.713100016117096,0.857903778553009,0.5787000060081482,1.240377426147461,0.7943000197410583,0.6728224158287048,0.7080000042915344,0.8926165699958801,0.8622599840164185,0.468862235546112,0.8077800273895264,0.6196585893630981,0.8385000228881836,0.5501159429550171,0.8275600075721741,0.5848054885864258,0.8149399757385254,0.6241585612297058,0.5785199999809265,1.210279941558838
0.7191399931907654,0.8487824201583862,0.5837399959564209,1.2292207479476929,0.7953400015830994,0.6713600754737854,0.7079200148582458,0.8887467980384827,0.8642600178718567,0.4626931250095367,0.8098800182342529,0.612227201461792,0.8420600295066833,0.5467609167098999,0.8297600150108337,0.579236626625061,0.8148400187492371,0.618707537651062,0.5810999870300293,1.2025903463363647
0.7218400239944458,0.8428530693054199,0.5882599949836731,1.2191334962844849,0.7974600195884705,0.6619988083839417,0.710919976234436,0.8813994526863098,0.8664600253105164,0.4582169950008392,0.8126800060272217,0.604878306388855,0.8439599871635437,0.5378272533416748,0.8305000066757202,0.5746091604232788,0.8174399733543396,0.6143511533737183,0.5832599997520447,1.192844033241272
0.7243800163269043,0.8351011872291565,0.5901600122451782,1.2094895839691162,0.7972800135612488,0.6593841910362244,0.7124800086021423,0.8743907809257507,0.866599977016449,0.4565644264221191,0.8156800270080566,0.5977286100387573,0.8442999720573425,0.533233106136322,0.8319200277328491,0.5703178644180298,0.8171799778938293,0.610846221446991,0.5842400193214417,1.1889246702194214
0.7285000085830688,0.8299117684364319,0.5903199911117554,1.2027288675308228,0.7995200157165527,0.6532039642333984,0.7124199867248535,0.8716498613357544,0.8678200244903564,0.4536501467227936,0.8166800141334534,0.5905033946037292,0.8483200073242188,0.5262470841407776,0.8338599801063538,0.5654590725898743,0.8187400102615356,0.6064352989196777,0.5877199769020081,1.1801018714904783
0.7310199737548828,0.8258407115936279,0.5932199954986572,1.193056583404541,0.8021000027656555,0.6503686904907227,0.7146999835968018,0.8649949431419373,0.8672999739646912,0.4515330791473388,0.8190400004386902,0.5832880139350891,0.848039984703064,0.5221611857414246,0.834879994392395,0.5612017512321472,0.820580005645752,0.602748692035675,0.5892000198364258,1.17454993724823
0.7321199774742126,0.8186936974525452,0.595579981803894,1.1864161491394043,0.8024200201034546,0.6450676321983337,0.7146000266075134,0.8616137504577637,0.8692600131034851,0.4477852880954742,0.8218799829483032,0.5760558843612671,0.8496400117874146,0.5171271562576294,0.8371400237083435,0.555645227432251,0.822160005569458,0.6010802984237671,0.5923399925231934,1.167541742324829
0.7372000217437744,0.8167977929115295,0.6003999710083008,1.1752554178237915,0.8041200041770935,0.6422840356826782,0.7163000106811523,0.8558068871498108,0.8700399994850159,0.4464735090732574,0.8253399729728699,0.5699119567871094,0.8519999980926514,0.5135930776596069,0.8367599844932556,0.5516764521598816,0.8219799995422363,0.5992268919944763,0.593280017375946,1.16392719745636
0.7379199862480164,0.8118014335632324,0.6016799807548523,1.1709555387496948,0.80485999584198,0.6375015377998352,0.7168400287628174,0.854454517364502,0.8718600273132324,0.442197173833847,0.8272200226783752,0.5615804195404053,0.8522199988365173,0.5102230310440063,0.837660014629364,0.5488740801811218,0.8225399851799011,0.595159649848938,0.5946000218391418,1.1579183340072632
0.741919994354248,0.8029773235321045,0.602840006351471,1.1641093492507937,0.8068600296974182,0.6350590586662292,0.719219982624054,0.8484618067741394,0.8724799752235413,0.4400550425052643,0.828819990158081,0.558506190776825,0.8538200259208679,0.5054619312286377,0.8414400219917297,0.5479538440704346,0.8246999979019165,0.5910886526107788,0.5966200232505798,1.1535160541534424
0.7429599761962891,0.8018538355827332,0.6041200160980225,1.1568337678909302,0.8064200282096863,0.6333413124084473,0.7209600210189819,0.8442322015762329,0.8723999857902527,0.4397848844528198,0.8326399922370911,0.5517897009849548,0.8534600138664246,0.5037245750427246,0.840179979801178,0.5434014201164246,0.8233000040054321,0.5911333560943604,0.5967599749565125,1.1461423635482788
0.7463399767875671,0.7958210110664368,0.6058599948883057,1.151089787483215,0.807420015335083,0.6279732584953308,0.7218000292778015,0.8419166207313538,0.8723400235176086,0.4366432726383209,0.8351200222969055,0.544937789440155,0.8543999791145325,0.4999597370624542,0.8423799872398376,0.5398472547531128,0.8255599737167358,0.5866957306861877,0.597000002861023,1.144880771636963
0.7492200136184692,0.7904754877090454,0.6078600287437439,1.1458752155303955,0.8086000084877014,0.625596821308136,0.7224599719047546,0.8389327526092529,0.873420000076294,0.4335960149765014,0.836679995059967,0.5405279397964478,0.8567600250244141,0.4946320950984955,0.841480016708374,0.5386552214622498,0.8260800242424011,0.5851886868476868,0.5990800261497498,1.137026071548462
0.7502400279045105,0.7880579829216003,0.609499990940094,1.1389455795288086,0.8092799782752991,0.6232343316078186,0.7219399809837341,0.8359060287475586,0.8739200234413147,0.433491587638855,0.8373399972915649,0.5357949137687683,0.8570399880409241,0.4927073419094085,0.8442000150680542,0.5338326692581177,0.8261600136756897,0.5824255347251892,0.5979599952697754,1.1341136693954468
0.7512199878692627,0.7847477197647095,0.6117600202560425,1.1337743997573853,0.8101199865341187,0.6197320818901062,0.723580002784729,0.8333930373191833,0.8745999932289124,0.4324285686016083,0.8411999940872192,0.5300130248069763,0.858519971370697,0.4885432422161102,0.8438000082969666,0.532931387424469,0.827180027961731,0.5803026556968689,0.6015200018882751,1.1303035020828247
0.7540000081062317,0.7813432812690735,0.6127399802207947,1.1281561851501465,0.8111400008201599,0.6167802810668945,0.726419985294342,0.8318393230438232,0.875540018081665,0.4297803938388824,0.8421800136566162,0.52733314037323,0.8583999872207642,0.4883390665054321,0.8438199758529663,0.531714916229248,0.8261200189590454,0.5807871222496033,0.6011800169944763,1.1273319721221924
0.7577599883079529,0.7766427993774414,0.6124600172042847,1.124263048171997,0.8124799728393555,0.6144149899482727,0.7270799875259399,0.8306003212928772,0.877020001411438,0.428206205368042,0.842739999294281,0.5217459201812744,0.8594200015068054,0.4855394661426544,0.8451799750328064,0.5286281108856201,0.8289600014686584,0.57618248462677,0.6033200025558472,1.121827244758606
0.7573800086975098,0.7741335034370422,0.6137400269508362,1.1232174634933472,0.8129000067710876,0.6154428124427795,0.7275999784469604,0.8262835741043091,0.8755000233650208,0.4264768362045288,0.8467199802398682,0.5158094167709351,0.8608800172805786,0.4824957549571991,0.8464400172233582,0.5247999429702759,0.8310400247573853,0.5724969506263733,0.6068599820137024,1.1198530197143557
0.7611799836158752,0.7702986598014832,0.6157199740409851,1.1173548698425293,0.8133599758148193,0.6093535423278809,0.727940022945404,0.824619472026825,0.8751999735832214,0.4268251657485962,0.8476600050926208,0.512474000453949,0.860759973526001,0.4789930582046509,0.8456199765205383,0.5235083699226379,0.8298199772834778,0.5739633440971375,0.6105200052261353,1.114360213279724
0.7595199942588806,0.7680012583732605,0.6214399933815002,1.1102741956710815,0.8141599893569946,0.6095985174179077,0.7297400236129761,0.8224729895591736,0.877240002155304,0.4252193868160248,0.8489400148391724,0.5082932710647583,0.8601800203323364,0.4803973436355591,0.8475800156593323,0.5214517712593079,0.830079972743988,0.5710956454277039,0.6097599864006042,1.1110079288482666
0.7616199851036072,0.7648810744285583,0.6212599873542786,1.1058076620101929,0.8153799772262573,0.6066223382949829,0.731719970703125,0.8184279203414917,0.8777400255203247,0.4238749146461487,0.850600004196167,0.5043683648109436,0.861240029335022,0.4767260551452636,0.8473399877548218,0.5225954055786133,0.8317999839782715,0.5697116851806641,0.6158599853515625,1.107188701629639
0.763480007648468,0.7611797451972961,0.6202800273895264,1.1060259342193604,0.8160200119018555,0.6053469777107239,0.7304800152778625,0.8187708854675293,0.8787599802017212,0.421322226524353,0.852180004119873,0.5028061866760254,0.862060010433197,0.4749210178852081,0.8471599817276001,0.5203340649604797,0.8314599990844727,0.5666954517364502,0.6170600056648254,1.1056451797485352
0.7652599811553955,0.7601777911186218,0.6232200264930725,1.102004885673523,0.8162999749183655,0.6029072403907776,0.7327600121498108,0.8155054450035095,0.8781200051307678,0.4218782782554626,0.8537399768829346,0.4968065619468689,0.8624600172042847,0.4738057851791382,0.8493599891662598,0.51561439037323,0.8309400081634521,0.5679253339767456,0.6178200244903564,1.1007055044174194
0.7674599885940552,0.7541598677635193,0.6249600052833557,1.0954872369766235,0.818560004234314,0.5988726615905762,0.7349399924278259,0.813690185546875,0.8794599771499634,0.4198680222034454,0.8547599911689758,0.4959833323955536,0.8636599779129028,0.4705553948879242,0.8481199741363525,0.5154675841331482,0.8319000005722046,0.5651140213012695,0.6207600235939026,1.0966479778289795
0.7670999765396118,0.7527979612350464,0.6273800134658813,1.0941945314407349,0.8179000020027161,0.5991036295890808,0.7337599992752075,0.8130093216896057,0.87882000207901,0.4188924133777618,0.8569599986076355,0.4912776947021484,0.862779974937439,0.471220314502716,0.8472200036048889,0.5133058428764343,0.8334000110626221,0.5624371767044067,0.6230400204658508,1.0950270891189575
0.768339991569519,0.7496762275695801,0.6282600164413452,1.091462016105652,0.8179799914360046,0.5963013172149658,0.734279990196228,0.811246931552887,0.8792600035667419,0.418116956949234,0.858299970626831,0.4871745407581329,0.8659200072288513,0.4674158692359924,0.8482800126075745,0.5135711431503296,0.8326799869537354,0.5641792416572571,0.6249600052833557,1.0896600484848022
0.7687199711799622,0.7492323517799377,0.6284000277519226,1.0888017416000366,0.8197199702262878,0.5926861763000488,0.7359799742698669,0.8102307319641113,0.8796600103378296,0.4168397188186645,0.8586599826812744,0.4862242639064789,0.8654599785804749,0.4670051038265228,0.8515400290489197,0.5096032023429871,0.8349800109863281,0.5603480339050293,0.6265199780464172,1.0893542766571045
0.7717999815940857,0.7456462383270264,0.6299800276756287,1.0853511095046997,0.8170599937438965,0.5955468416213989,0.7367600202560425,0.8081363439559937,0.8810399770736694,0.4151357412338257,0.859499990940094,0.4828788638114929,0.8655999898910522,0.4649754166603088,0.8525800108909607,0.5077416896820068,0.8351399898529053,0.5583781599998474,0.6249200105667114,1.0868384838104248
0.7729399800300598,0.7417346835136414,0.6295199990272522,1.0819722414016724,0.8189799785614014,0.5917326807975769,0.7379400134086609,0.8055199384689331,0.8796200156211853,0.4149986803531647,0.8613799810409546,0.4811340868473053,0.8669400215148926,0.4626254439353943,0.8514400124549866,0.5079771280288696,0.8364800214767456,0.557422399520874,0.6269599795341492,1.082666039466858
0.7733399868011475,0.7400623559951782,0.6299200057983398,1.0781840085983276,0.8211399912834167,0.5884979963302612,0.7364400029182434,0.8066323399543762,0.881659984588623,0.4123358726501465,0.8610000014305115,0.4779093861579895,0.8680199980735779,0.4611832499504089,0.8510800004005432,0.5065060257911682,0.835919976234436,0.5564669370651245,0.6287800073623657,1.078964352607727
0.773360013961792,0.737195611000061,0.6319400072097778,1.0768157243728638,0.8202800154685974,0.5867313742637634,0.7368800044059753,0.8044731020927429,0.8811600208282471,0.4115279614925384,0.8640999794006348,0.475260466337204,0.8679800033569336,0.4595910608768463,0.8535199761390686,0.5031155943870544,0.8359000086784363,0.5565705299377441,0.6324599981307983,1.0765033960342407
0.7750399708747864,0.7361059188842773,0.6315799951553345,1.0764901638031006,0.8208600282669067,0.5871446132659912,0.7379599809646606,0.8043661117553711,0.8813400268554688,0.4108066260814667,0.8623200058937073,0.4756495058536529,0.867680013179779,0.4586611986160278,0.8524399995803833,0.5041970610618591,0.8360400199890137,0.5545904040336609,0.6316999793052673,1.073015570640564
0.7760000228881836,0.7322261929512024,0.6335999965667725,1.075302004814148,0.8208600282669067,0.5859093070030212,0.7394999861717224,0.8003503680229187,0.881659984588623,0.4106080830097198,0.8647000193595886,0.4698504209518432,0.8668799996376038,0.4585490226745605,0.8530799746513367,0.5017667412757874,0.8360199928283691,0.5547938942909241,0.6339799761772156,1.072838306427002
0.7760400176048279,0.732843279838562,0.633620023727417,1.070016860961914,0.8209800124168396,0.5830858945846558,0.7401800155639648,0.8004258871078491,0.8820000290870667,0.4077435433864593,0.8648999929428101,0.4700905084609985,0.8694599866867065,0.4552213251590729,0.8519799709320068,0.501909613609314,0.8361600041389465,0.5551424622535706,0.6353999972343445,1.0678541660308838
0.7781199812889099,0.7285643219947815,0.6352800130844116,1.070888876914978,0.8222200274467468,0.5804780721664429,0.7424399852752686,0.7976816892623901,0.881380021572113,0.4097797572612762,0.8649799823760986,0.4653030037879944,0.8686800003051758,0.4556516706943512,0.8536400198936462,0.499553918838501,0.8353800177574158,0.5498746633529663,0.6358199715614319,1.06856107711792
0.7778400182723999,0.7284547686576843,0.6361600160598755,1.0679548978805542,0.823199987411499,0.5814424753189087,0.7416999936103821,0.7970576286315918,0.8822799921035767,0.4076062440872192,0.8646399974822998,0.4687010943889618,0.8681600093841553,0.4546695649623871,0.8535000085830688,0.5002511143684387,0.8374599814414978,0.5514538288116455,0.638260006904602,1.061819553375244
0.7782800197601318,0.7271792888641357,0.6373800039291382,1.0640952587127686,0.822700023651123,0.5806305408477783,0.7420200109481812,0.796541690826416,0.8822199702262878,0.4075303375720978,0.8674399852752686,0.463231086730957,0.869920015335083,0.4523954391479492,0.8547800183296204,0.4972549080848694,0.8365600109100342,0.5489630699157715,0.6385599970817566,1.0626057386398315
0.7776399850845337,0.7274465560913086,0.6364399790763855,1.0639840364456177,0.8251000046730042,0.5779285430908203,0.7422199845314026,0.7958799004554749,0.8840199708938599,0.404361218214035,0.8684200048446655,0.4620030224323272,0.8700600266456604,0.4513138234615326,0.853659987449646,0.4957922399044037,0.8381999731063843,0.5478671193122864,0.642300009727478,1.0582770109176636
0.7787200212478638,0.7228654623031616,0.6362800002098083,1.0636916160583496,0.824180006980896,0.5761593580245972,0.7443199753761292,0.7936654686927795,0.8837800025939941,0.404375284910202,0.868399977684021,0.4598936736583709,0.8695600032806396,0.451061338186264,0.8541600108146667,0.4971579611301422,0.8381800055503845,0.5479137897491455,0.6433200240135193,1.058759689331055
0.7817999720573425,0.7215003967285156,0.6398000121116638,1.0587586164474487,0.824720025062561,0.5744491219520569,0.7429400086402893,0.7946752309799194,0.8827000260353088,0.4064042568206787,0.8686800003051758,0.4599812030792236,0.8706200122833252,0.4503654539585113,0.8557199835777283,0.4926261007785797,0.8390200138092041,0.5450289249420166,0.6468999981880188,1.0542436838150024
0.781440019607544,0.7179152965545654,0.6378600001335144,1.0594381093978882,0.8250200152397156,0.5740009546279907,0.7441800236701965,0.7910917401313782,0.8828799724578857,0.4039590656757355,0.869159996509552,0.4571327269077301,0.8704000115394592,0.4472945034503937,0.8565800189971924,0.4935782849788666,0.8376799821853638,0.5448920726776123,0.646120011806488,1.0544239282608032
0.7822200059890747,0.716936469078064,0.6391199827194214,1.0573561191558838,0.8242999911308289,0.5718652606010437,0.7448800206184387,0.790205717086792,0.8838000297546387,0.4024865925312042,0.8691400289535522,0.4564107954502105,0.8716400265693665,0.4468796551227569,0.855459988117218,0.4929324686527252,0.836899995803833,0.5451600551605225,0.6469799876213074,1.0513899326324463
0.7801600098609924,0.7171870470046997,0.638979971408844,1.056975245475769,0.8261799812316895,0.5707367062568665,0.744700014591217,0.7894377112388611,0.8850600123405457,0.4023554623126983,0.8711000084877014,0.454344093799591,0.8715999722480774,0.4456848800182342,0.8558400273323059,0.4907577037811279,0.839900016784668,0.5423727631568909,0.6488800048828125,1.0471184253692627
0.7824599742889404,0.715800940990448,0.6392800211906433,1.0546928644180298,0.8265200257301331,0.5690388083457947,0.7460399866104126,0.7886927127838135,0.8840600252151489,0.4008378088474273,0.8712199926376343,0.4516668021678924,0.8709400296211243,0.4459737539291382,0.8570399880409241,0.4907073974609375,0.8401600122451782,0.5428807139396667,0.6492400169372559,1.0466103553771973
0.7819600105285645,0.7146820425987244,0.6391000151634216,1.0526636838912964,0.8259599804878235,0.5680878758430481,0.7462800145149231,0.7882755994796753,0.8838199973106384,0.3999540507793426,0.8727200031280518,0.4505611658096313,0.8733999729156494,0.4432553648948669,0.8578199744224548,0.490279883146286,0.8396999835968018,0.540001392364502,0.6508399844169617,1.04542338848114
0.7835800051689148,0.7111780643463135,0.6405400037765503,1.0518673658370972,0.8271200060844421,0.5674886107444763,0.7480000257492065,0.7869962453842163,0.8850799798965454,0.3982969522476196,0.871999979019165,0.4487640559673309,0.8725600242614746,0.4447340369224548,0.8572800159454346,0.4891327619552612,0.8390399813652039,0.5415953993797302,0.6507400274276733,1.045037031173706
0.7845399975776672,0.7114169001579285,0.641260027885437,1.050179362297058,0.8279600143432617,0.5665162205696106,0.7465800046920776,0.7849927544593811,0.8845599889755249,0.3998203873634338,0.8722400069236755,0.4487163424491882,0.8730000257492065,0.4440555572509765,0.8577600121498108,0.4896793067455292,0.8392599821090698,0.5420371294021606,0.6512600183486938,1.0419059991836548
0.7839999794960022,0.7092369794845581,0.6426600217819214,1.0475808382034302,0.8255800008773804,0.5686262845993042,0.749019980430603,0.7857418656349182,0.8851600289344788,0.3989028036594391,0.8729400038719177,0.4477755427360534,0.873740017414093,0.444151222705841,0.8574000000953674,0.4872317910194397,0.8401600122451782,0.5382894277572632,0.6521400213241577,1.0406407117843628
0.7858999967575073,0.7084348201751709,0.6417400240898132,1.0474214553833008,0.8287799954414368,0.5669296979904175,0.7491199970245361,0.7855002880096436,0.8848599791526794,0.3966064453125,0.8739200234413147,0.4470458924770355,0.8743399977684021,0.4409396052360534,0.8573399782180786,0.4867687821388244,0.8403199911117554,0.538356602191925,0.6552600264549255,1.0369175672531128
0.785319983959198,0.7077156901359558,0.6455600261688232,1.0436125993728638,0.829259991645813,0.5620611310005188,0.7499399781227112,0.7821118235588074,0.884440004825592,0.398943156003952,0.8749399781227112,0.4440470337867737,0.8741199970245361,0.4400826096534729,0.8581200242042542,0.4859229028224945,0.8410599827766418,0.5367663502693176,0.6554999947547913,1.0404677391052246
0.7880799770355225,0.7030825018882751,0.6427800059318542,1.043593168258667,0.8283399939537048,0.5643937587738037,0.7508400082588196,0.7802333831787109,0.8860800266265869,0.3950323760509491,0.8735600113868713,0.4435314536094665,0.8740400075912476,0.4379714429378509,0.85725998878479,0.4861645698547363,0.8406199812889099,0.5373084545135498,0.6564000248908997,1.0342313051223757
0.7863600254058838,0.7046653628349304,0.6441799998283386,1.0423808097839355,0.8297399878501892,0.5583571791648865,0.7489799857139587,0.7823245525360107,0.8865200281143188,0.3949750065803528,0.8735799789428711,0.4416259229183197,0.8747400045394897,0.4364200830459595,0.8591799736022949,0.4842043220996856,0.8422999978065491,0.5358710289001465,0.6569200158119202,1.0320253372192385
0.7850199937820435,0.7018961906433105,0.6450200080871582,1.0417606830596924,0.8284199833869934,0.5629475712776184,0.7500799894332886,0.7809744477272034,0.886680006980896,0.3947022259235382,0.8728200197219849,0.4433900415897369,0.8765400052070618,0.436836689710617,0.8575599789619446,0.484849601984024,0.8415399789810181,0.5351881980895996,0.6572800278663635,1.033240795135498
0.7875000238418579,0.7008951306343079,0.6437399983406067,1.0411838293075562,0.8295000195503235,0.5578662157058716,0.7522000074386597,0.780601978302002,0.8860800266265869,0.3943474292755127,0.8758999705314636,0.4395182728767395,0.8759199976921082,0.4366252720355987,0.8602399826049805,0.4831617474555969,0.8427199721336365,0.5330824255943298,0.6571800112724304,1.0335743427276611
0.7879599928855896,0.6999170184135437,0.6450600028038025,1.0413702726364136,0.8299599885940552,0.5585847496986389,0.7516999840736389,0.7782818675041199,0.8866999745368958,0.3908778429031372,0.8763599991798401,0.4376473128795624,0.8751199841499329,0.4380306005477905,0.8580999970436096,0.4840108156204223,0.8428400158882141,0.5347481369972229,0.6583399772644043,1.029913306236267
0.7874000072479248,0.701219916343689,0.645039975643158,1.03635573387146,0.8298799991607666,0.5583515763282776,0.7511399984359741,0.7804327607154846,0.8864799737930298,0.3935300707817077,0.8751999735832214,0.438680499792099,0.8757399916648865,0.4346022605895996,0.8584399819374084,0.4825655817985534,0.8435199856758118,0.5320358872413635,0.6594200134277344,1.0272752046585083
0.786620020866394,0.6993157863616943,0.6445199847221375,1.0372623205184937,0.8293399810791016,0.5592651963233948,0.7515000104904175,0.7794017195701599,0.8870599865913391,0.3922421336174011,0.8759999871253967,0.4364251494407654,0.8763800263404846,0.435025155544281,0.85971999168396,0.4809593856334686,0.8420400023460388,0.5310975909233093,0.6598600149154663,1.0276801586151123
0.7882999777793884,0.6972270607948303,0.6457200050354004,1.036631464958191,0.8323000073432922,0.5554237365722656,0.7532200217247009,0.7772068977355957,0.887719988822937,0.3906081914901733,0.8748000264167786,0.4393625259399414,0.876800000667572,0.4328511357307434,0.8593000173568726,0.4806425869464874,0.8431599736213684,0.5320785045623779,0.661080002784729,1.025302171707153
0.7891600131988525,0.69768226146698,0.6456199884414673,1.033282995223999,0.8319600224494934,0.5539113879203796,0.7527999877929688,0.7781606316566467,0.8877400159835815,0.3891307115554809,0.8772799968719482,0.4327621757984161,0.8758599758148193,0.4334998726844787,0.8595200181007385,0.4816234111785888,0.8431199789047241,0.5306860208511353,0.6618199944496155,1.0244275331497192
0.7889400124549866,0.6961870193481445,0.6465799808502197,1.0326762199401855,0.8324000239372253,0.5536397695541382,0.7537800073623657,0.7776942253112793,0.8878999948501587,0.3895620703697204,0.876039981842041,0.4354145228862762,0.8768600225448608,0.4317785203456878,0.8597800135612488,0.4785933494567871,0.8427000045776367,0.5299745798110962,0.6619200110435486,1.022308349609375
0.788100004196167,0.6938371062278748,0.6461600065231323,1.032321810722351,0.83051997423172,0.5536690950393677,0.7551400065422058,0.7744457721710205,0.8874199986457825,0.3884140253067016,0.8770999908447266,0.4315445721149444,0.8764399886131287,0.4322332441806793,0.8606399893760681,0.4803958237171173,0.8424999713897705,0.5307164192199707,0.663320004940033,1.021723985671997
0.7908599972724915,0.6933213472366333,0.6447399854660034,1.0352340936660769,0.8319399952888489,0.5538865327835083,0.7537800073623657,0.7741910815238953,0.889240026473999,0.3866541385650635,0.8774999976158142,0.4321223497390747,0.8767799735069275,0.4303047657012939,0.8603000044822693,0.4794115126132965,0.8442999720573425,0.5304157137870789,0.6630799770355225,1.022699952125549
0.7899399995803833,0.6910680532455444,0.6471199989318848,1.0319883823394775,0.8336600065231323,0.552473247051239,0.7538599967956543,0.7743819355964661,0.8894400000572205,0.3850638270378113,0.8780999779701233,0.4300489425659179,0.8779799938201904,0.4307381510734558,0.8599399924278259,0.4776743352413177,0.8429399728775024,0.5278118252754211,0.6651999950408936,1.019652009010315
0.7898399829864502,0.6919369697570801,0.6465399861335754,1.0305596590042114,0.8335999846458435,0.5510918498039246,0.7556800246238708,0.7734126448631287,0.8891000151634216,0.3861185908317566,0.8782399892807007,0.4313675761222839,0.8776199817657471,0.431296169757843,0.8601599931716919,0.4783593416213989,0.8433799743652344,0.5290135741233826,0.6628000140190125,1.0216530561447144
0.7912399768829346,0.6898495554924011,0.6470999717712402,1.0305893421173096,0.8328400254249573,0.5482547283172607,0.7559599876403809,0.7735899090766907,0.8891000151634216,0.3845409750938415,0.8795599937438965,0.4288795590400696,0.8784599900245667,0.4300057888031006,0.8605999946594238,0.477517694234848,0.8438799977302551,0.5278366208076477,0.6668599843978882,1.0166090726852417
0.790880024433136,0.6898341178894043,0.6471199989318848,1.0287413597106934,0.8303800225257874,0.5515853762626648,0.7572600245475769,0.7705419659614563,0.8892999887466431,0.3834426701068878,0.8785399794578552,0.428276926279068,0.8796399831771851,0.4264929592609405,0.8603799939155579,0.4779867231845855,0.8442599773406982,0.5266112685203552,0.6634200215339661,1.0178366899490356
0.7901399731636047,0.6895252466201782,0.6483200192451477,1.0276970863342283,0.8327400088310242,0.54886794090271,0.7575399875640869,0.7717174291610718,0.889460027217865,0.3846573531627655,0.8793799877166748,0.4257206916809082,0.8794400095939636,0.4247999489307403,0.8606799840927124,0.4768073856830597,0.8431400060653687,0.5271400809288025,0.6661400198936462,1.016297698020935
0.7914400100708008,0.6864233613014221,0.6475800275802612,1.029047608375549,0.833620011806488,0.5491930246353149,0.7582799792289734,0.768953263759613,0.8897799849510193,0.3813202977180481,0.8781999945640564,0.4275807738304138,0.8795400261878967,0.4273365139961242,0.8616200089454651,0.4760648310184479,0.8446400165557861,0.5246797204017639,0.6658400297164917,1.0154837369918823
0.7903199791908264,0.6868990063667297,0.6478000283241272,1.0268948078155518,0.8326600193977356,0.5477132797241211,0.756879985332489,0.7690238952636719,0.890779972076416,0.3828064799308777,0.8793200254440308,0.425839364528656,0.8776199817657471,0.4254097640514374,0.8605200052261353,0.4755817949771881,0.8459799885749817,0.5229492783546448,0.6677200198173523,1.0134491920471191
0.7909600138664246,0.687146008014679,0.649179995059967,1.0238655805587769,0.8353599905967712,0.5461817383766174,0.7565799951553345,0.770006000995636,0.8900399804115295,0.3792848885059356,0.8799399733543396,0.4255040287971496,0.8795400261878967,0.4245727062225342,0.8620799779891968,0.4745568335056305,0.8446599841117859,0.5245128273963928,0.6672199964523315,1.01487934589386
0.792739987373352,0.6849187016487122,0.6460800170898438,1.0261657238006592,0.8353800177574158,0.5449130535125732,0.7589600086212158,0.768010675907135,0.8916400074958801,0.3788322508335113,0.8792799711227417,0.4244125783443451,0.8794000148773193,0.4246663749217987,0.860759973526001,0.4749945700168609,0.8445199728012085,0.5240920186042786,0.6660799980163574,1.0141878128051758
0.7915800213813782,0.6847643852233887,0.648419976234436,1.0252007246017456,0.8353000283241272,0.5453820824623108,0.75764000415802,0.7692286968231201,0.8903599977493286,0.3807564377784729,0.8798800110816956,0.4247592687606811,0.880299985408783,0.4236373901367187,0.8616600036621094,0.4731582403182983,0.844219982624054,0.5227908492088318,0.66948002576828,1.0098206996917725
0.7934799790382385,0.6828699707984924,0.6484400033950806,1.024225115776062,0.8361200094223022,0.5424489974975586,0.7588199973106384,0.7686379551887512,0.8909800052642822,0.3782382905483246,0.8801000118255615,0.4234862029552459,0.8791000247001648,0.4222263693809509,0.8611400127410889,0.4758119881153106,0.8468000292778015,0.5233956575393677,0.6670200228691101,1.011573076248169
0.7924200296401978,0.6855382323265076,0.6492999792098999,1.0211586952209473,0.8331000208854675,0.5443629026412964,0.7571600079536438,0.7690641283988953,0.8913599848747253,0.3784168362617492,0.8812000155448914,0.4225734770298004,0.8796200156211853,0.4238200783729553,0.8605999946594238,0.4739547669887543,0.845300018787384,0.5223166942596436,0.6681399941444397,1.009809970855713
0.7936400175094604,0.683757483959198,0.648140013217926,1.0229976177215576,0.8357800245285034,0.5442712306976318,0.7594799995422363,0.7652370929718018,0.8923400044441223,0.3749781250953674,0.8802400231361389,0.4236481189727783,0.8819199800491333,0.4201603531837463,0.862559974193573,0.4719414710998535,0.8456599712371826,0.5234144926071167,0.6696000099182129,1.0066629648208618
0.7938200235366821,0.6811736822128296,0.6496000289916992,1.0204497575759888,0.8367599844932556,0.5421376824378967,0.7597600221633911,0.766734778881073,0.8917999863624573,0.3753295838832855,0.8802599906921387,0.4215595424175262,0.8809800148010254,0.4209805727005005,0.8606200218200684,0.4743048548698425,0.8467599749565125,0.5207192301750183,0.6693599820137024,1.0088542699813845
0.7929199934005737,0.6791653633117676,0.6506400108337402,1.021746039390564,0.8348600268363953,0.5433652997016907,0.7584999799728394,0.7660592794418335,0.8918200135231018,0.375785768032074,0.8825200200080872,0.4194932281970978,0.8816400170326233,0.4216025471687317,0.861299991607666,0.4723728597164154,0.8476999998092651,0.5212947726249695,0.6690000295639038,1.007053017616272
0.794160008430481,0.6807171702384949,0.6487799882888794,1.021990418434143,0.8367400169372559,0.5410140752792358,0.7593399882316589,0.7645667791366577,0.8916000127792358,0.3737881779670715,0.8818600177764893,0.4202748835086822,0.8819800019264221,0.4179973900318146,0.8620200157165527,0.4720261991024017,0.8451600074768066,0.5220655798912048,0.6686599850654602,1.0061508417129517
0.7919999957084656,0.6807625889778137,0.6505200266838074,1.0199414491653442,0.8359799981117249,0.5401259064674377,0.7609400153160095,0.7653939127922058,0.8937600255012512,0.3728926479816437,0.882319986820221,0.4188995063304901,0.8810999989509583,0.4189768731594085,0.8615000247955322,0.4717777073383331,0.8463000059127808,0.5207322835922241,0.6697400212287903,1.0063151121139526
0.79475998878479,0.6792199015617371,0.6473199725151062,1.020285964012146,0.8365399837493896,0.5376693606376648,0.7623599767684937,0.765572726726532,0.8937199711799622,0.3724982738494873,0.8822199702262878,0.418884128332138,0.8813400268554688,0.4181576669216156,0.8629800081253052,0.469767153263092,0.8487600088119507,0.5182288885116577,0.6706200242042542,1.0028616189956665
0.7945200204849243,0.67889004945755,0.6518599987030029,1.0170818567276,0.8370800018310547,0.5405733585357666,0.7625600099563599,0.7620533108711243,0.892799973487854,0.3729292154312134,0.8822399973869324,0.4165356159210205,0.8821600079536438,0.4182249307632446,0.8620399832725525,0.4720661342144012,0.8464199900627136,0.5203497409820557,0.6714000105857849,1.0039644241333008
0.7930999994277954,0.6783968806266785,0.6501799821853638,1.0170081853866575,0.8366000056266785,0.5367441773414612,0.7613400220870972,0.7640944719314575,0.8932999968528748,0.3708388209342956,0.8822199702262878,0.4161942601203918,0.8816999793052673,0.4172446131706238,0.8626199960708618,0.4699079394340515,0.8479200005531311,0.5166856050491333,0.6714800000190735,1.0037494897842407
0.7948200106620789,0.6763828992843628,0.6488999724388123,1.0174230337142944,0.8374599814414978,0.5382533073425293,0.7622600197792053,0.7631105184555054,0.8938800096511841,0.3687526285648346,0.8814799785614014,0.4187415540218353,0.8813599944114685,0.4143978953361511,0.8634600043296814,0.470548152923584,0.8478800058364868,0.5176998972892761,0.6708800196647644,1.003655195236206
0.794160008430481,0.6770524978637695,0.6524199843406677,1.015756130218506,0.8386600017547607,0.5368036031723022,0.7630199790000916,0.7596373558044434,0.8949999809265137,0.367371916770935,0.8845400214195251,0.4143109619617462,0.8834199905395508,0.4153412878513336,0.8616399765014648,0.4684276878833771,0.8469200134277344,0.5170974731445312,0.6700599789619446,1.0034693479537964
0.7946799993515015,0.6765081882476807,0.65065997838974,1.0190168619155884,0.8372399806976318,0.5353769063949585,0.7623400092124939,0.7609667778015137,0.8942800164222717,0.3680975139141083,0.8827999830245972,0.4143721163272857,0.883679986000061,0.4154662787914276,0.8629199862480164,0.4703209400177002,0.8474400043487549,0.515916645526886,0.6719200015068054,1.0028036832809448
0.7934799790382385,0.6764097809791565,0.6510800123214722,1.0137935876846311,0.8376200199127197,0.5358570218086243,0.7635599970817566,0.7615879774093628,0.8955199718475342,0.3660818338394165,0.8812999725341797,0.4155581593513489,0.8831400275230408,0.414194256067276,0.862820029258728,0.4682244062423706,0.846780002117157,0.516983151435852,0.6711199879646301,1.0002199411392212
0.7947199940681458,0.6760814785957336,0.6514599919319153,1.0139344930648804,0.8384799957275391,0.5346095561981201,0.7644400000572205,0.758613109588623,0.8952400088310242,0.3649858236312866,0.8840000033378601,0.4135093092918396,0.8823000192642212,0.4121527373790741,0.862820029258728,0.4685420989990234,0.8496999740600586,0.5143260359764099,0.6700199842453003,1.0044801235198977
0.7947400212287903,0.6751312613487244,0.6509600281715393,1.013109564781189,0.8382200002670288,0.5345022082328796,0.7627999782562256,0.7587813138961792,0.8957200050354004,0.3645903468132019,0.8835200071334839,0.4118204414844513,0.8839200139045715,0.41228848695755,0.8630599975585938,0.4672102034091949,0.8481600284576416,0.51350337266922,0.6751199960708618,0.9961424469947816
0.7954800128936768,0.6745042204856873,0.6517999768257141,1.013880729675293,0.8392599821090698,0.5341749787330627,0.762660026550293,0.7589216232299805,0.8957800269126892,0.3641540706157684,0.882099986076355,0.412008136510849,0.8838199973106384,0.4117465615272522,0.8624200224876404,0.4676559269428253,0.8485599756240845,0.5150920152664185,0.6728600263595581,0.9992876052856444
0.7950999736785889,0.6746007204055786,0.6509799957275391,1.0141242742538452,0.8377599716186523,0.5331169366836548,0.7638400197029114,0.7599278688430786,0.897059977054596,0.3631296455860138,0.8842999935150146,0.4121679663658142,0.8844000101089478,0.4092549979686737,0.8619199991226196,0.4684408903121948,0.84934002161026,0.514596700668335,0.6725199818611145,0.9992523193359376
0.7968000173568726,0.6713787317276001,0.6522799730300903,1.0146825313568115,0.8396400213241577,0.5310152769088745,0.7651200294494629,0.7571446299552917,0.896619975566864,0.3623048365116119,0.8841400146484375,0.410966157913208,0.8827800154685974,0.4108687937259674,0.8623600006103516,0.4676069915294647,0.8494799733161926,0.5145725607872009,0.6728399991989136,0.99815171957016
0.7934799790382385,0.6750108003616333,0.6518800258636475,1.0115982294082642,0.8409600257873535,0.5292335748672485,0.7640399932861328,0.7571744322776794,0.8972200155258179,0.360356867313385,0.8844000101089478,0.4113672375679016,0.883620023727417,0.4092321097850799,0.8629999756813049,0.4670624136924743,0.8476200103759766,0.5127926468849182,0.6724600195884705,0.9992175102233888
0.7962200045585632,0.670322597026825,0.6514800190925598,1.0134748220443726,0.8399400115013123,0.5305778384208679,0.7633799910545349,0.7561396956443787,0.897159993648529,0.358841210603714,0.8848999738693237,0.4109620451927185,0.8840600252151489,0.4084144830703735,0.8631200194358826,0.4660826027393341,0.8492799997329712,0.5117937326431274,0.673520028591156,0.9977449774742126
0.7946400046348572,0.6710309982299805,0.6533399820327759,1.0093731880187988,0.840179979801178,0.5294594764709473,0.7654600143432617,0.7563592791557312,0.8980399966239929,0.359330952167511,0.8835800290107727,0.4119038581848144,0.8843399882316589,0.4088539183139801,0.8641800284385681,0.4662656188011169,0.8492000102996826,0.5127407312393188,0.675599992275238,0.9968971014022828
0.7968599796295166,0.6728372573852539,0.6511800289154053,1.012703776359558,0.8404600024223328,0.5293289422988892,0.7671399712562561,0.7538811564445496,0.8979399800300598,0.3583207726478576,0.8839399814605713,0.4099502265453338,0.8852800130844116,0.4069451093673706,0.8640599846839905,0.4649894535541534,0.8499400019645691,0.5136864185333252,0.6761000156402588,0.9959664344787598
0.7968999743461609,0.6699753999710083,0.652400016784668,1.01288902759552,0.8400400280952454,0.5276037454605103,0.7656400203704834,0.7540096044540405,0.8981999754905701,0.3564789593219757,0.8856599926948547,0.4076927006244659,0.8851799964904785,0.4064607918262481,0.8640400171279907,0.4654261469841003,0.8495000004768372,0.5112943649291992,0.675000011920929,0.996204674243927
0.796720027923584,0.6704862713813782,0.6534000039100647,1.0086078643798828,0.8406199812889099,0.529228687286377,0.7641400098800659,0.7566216588020325,0.8988199830055237,0.3567688167095184,0.8855199813842773,0.4072015583515167,0.8840600252151489,0.408991128206253,0.8644800186157227,0.4648745059967041,0.8496599793434143,0.5114777088165283,0.6739000082015991,0.9968761205673218
0.795740008354187,0.6694297790527344,0.6508200168609619,1.0108559131622314,0.8413800001144409,0.5289025902748108,0.7667400240898132,0.7548450827598572,0.8978800177574158,0.3561459481716156,0.8853999972343445,0.408372551202774,0.8862199783325195,0.4066648483276367,0.8632199764251709,0.4646000862121582,0.8491399884223938,0.5109994411468506,0.6751800179481506,0.9950669407844543
0.7961999773979187,0.6694881916046143,0.6528599858283997,1.0089008808135986,0.8417800068855286,0.5263811945915222,0.7677599787712097,0.7521145343780518,0.8991199731826782,0.3543681502342224,0.8868200182914734,0.4049966037273407,0.8860599994659424,0.4041177630424499,0.8637599945068359,0.4649461209774017,0.8497200012207031,0.5106744766235352,0.6740400195121765,0.9995676279067992
0.7975800037384033,0.6680044531822205,0.652899980545044,1.0096782445907593,0.8410400152206421,0.5276290774345398,0.7675399780273438,0.7529807686805725,0.9000999927520752,0.3544870018959045,0.884880006313324,0.4078924357891083,0.8853999972343445,0.4055460691452026,0.8640000224113464,0.464275985956192,0.8502399921417236,0.509556770324707,0.6746399998664856,0.9940797090530396
0.7971199750900269,0.6693376302719116,0.6521000266075134,1.008514642715454,0.842199981212616,0.5250625014305115,0.7685800194740295,0.7524956464767456,0.898859977722168,0.3524300754070282,0.8853399753570557,0.4053666889667511,0.8853600025177002,0.4037522673606872,0.8646000027656555,0.4645163714885711,0.8499600291252136,0.5092782378196716,0.6751199960708618,0.9945454597473145
0.7975000143051147,0.665739119052887,0.6505600214004517,1.0088005065917969,0.8402799963951111,0.5257927179336548,0.766319990158081,0.7523707747459412,0.8987799882888794,0.3527265191078186,0.8852999806404114,0.4059318006038666,0.8857600092887878,0.4036852717399597,0.8638200163841248,0.4641801416873932,0.8507199883460999,0.5083034038543701,0.6744400262832642,0.9936837553977966
0.7968599796295166,0.6684882640838623,0.6543400287628174,1.006141185760498,0.8411999940872192,0.5254772901535034,0.766759991645813,0.7526232004165649,0.8999599814414978,0.350937932729721,0.8853999972343445,0.4046431183815002,0.88646000623703,0.4019194543361664,0.8640999794006348,0.4634166061878204,0.849560022354126,0.5088891983032227,0.6748800277709961,0.9933733344078064
0.7958800196647644,0.6681764721870422,0.6531800031661987,1.008161187171936,0.8413599729537964,0.5252710580825806,0.7690200209617615,0.7487586140632629,0.8998200297355652,0.3511572778224945,0.8870599865913391,0.4035758078098297,0.8865399956703186,0.4033393859863281,0.8646799921989441,0.463041752576828,0.8512799739837646,0.5078211426734924,0.6747000217437744,0.9921382665634156
0.7964800000190735,0.6664145588874817,0.652899980545044,1.0044331550598145,0.8422999978065491,0.5241007804870605,0.7681999802589417,0.7518051266670227,0.8999199867248535,0.3514627814292907,0.8867599964141846,0.4046864509582519,0.8865600228309631,0.3998418748378753,0.8639799952507019,0.4619658589363098,0.8503999710083008,0.5050236582756042,0.6763799786567688,0.9946764707565308
0.796999990940094,0.6667678356170654,0.6537600159645081,1.0092480182647705,0.8420199751853943,0.5238872170448303,0.76801997423172,0.7498281002044678,0.9005799889564514,0.3483205437660217,0.8864200115203857,0.4042289853096008,0.8862800002098083,0.4038147628307342,0.86353999376297,0.4643496572971344,0.8501999974250793,0.5062991380691528,0.6767399907112122,0.9923664331436156
0.7975199818611145,0.6641995906829834,0.654259979724884,1.0027793645858765,0.8420799970626831,0.5234546661376953,0.7668600082397461,0.7497455477714539,0.8998399972915649,0.3485175669193268,0.8860599994659424,0.4037746489048004,0.8877999782562256,0.3994514048099518,0.8646600246429443,0.4630523025989532,0.8501799702644348,0.5063810348510742,0.6764799952507019,0.9922499060630798
0.7976199984550476,0.6650251746177673,0.6545400023460388,1.0072516202926636,0.8441799879074097,0.5218281745910645,0.7681599855422974,0.7480684518814087,0.9007400274276732,0.3489328920841217,0.8863000273704529,0.4028596878051758,0.8867400288581848,0.3986577987670898,0.8637800216674805,0.4627054333686828,0.8496800065040588,0.5066682696342468,0.6748600006103516,0.9927300810813904
0.7977799773216248,0.6662630438804626,0.6552199721336365,1.0072976350784302,0.8434600234031677,0.5220146775245667,0.7686399817466736,0.7497153878211975,0.9009600281715392,0.3474462032318115,0.8859599828720093,0.4018588662147522,0.8870999813079834,0.4003261625766754,0.8638200163841248,0.4643756151199341,0.850600004196167,0.5055232048034668,0.6755200028419495,0.9913862347602844
0.798039972782135,0.6626558303833008,0.6523000001907349,1.0071625709533691,0.8451399803161621,0.5190028548240662,0.768779993057251,0.7482397556304932,0.9000999927520752,0.3486751317977905,0.8866400122642517,0.4013206660747528,0.8870599865913391,0.3990545570850372,0.8656200170516968,0.4606222212314605,0.8509600162506104,0.5060908794403076,0.6779800057411194,0.9909880757331848
0.7985000014305115,0.66451096534729,0.6553000211715698,1.0033570528030396,0.8426799774169922,0.5220099687576294,0.7676600217819214,0.7511422634124756,0.9023600220680236,0.3434128165245056,0.8873000144958496,0.4024213552474975,0.8862400054931641,0.3976693451404571,0.8650599718093872,0.4625047147274017,0.8501799702644348,0.5059977769851685,0.6772800087928772,0.9895102381706238
0.7980999946594238,0.6642372012138367,0.6535599827766418,1.0047165155410769,0.8429999947547913,0.5220513939857483,0.7696400284767151,0.7456142902374268,0.9003400206565857,0.3468508720397949,0.8874599933624268,0.4002811014652252,0.8863800168037415,0.3978813290596008,0.864579975605011,0.461241066455841,0.851639986038208,0.5037651062011719,0.6772800087928772,0.990157425403595
0.7984799742698669,0.6639973521232605,0.6543200016021729,1.002674579620361,0.843559980392456,0.521188497543335,0.7701399922370911,0.7468115091323853,0.9016799926757812,0.3449390232563019,0.8875799775123596,0.4018747508525848,0.8871600031852722,0.3973602652549743,0.8646799921989441,0.4609322249889374,0.8496800065040588,0.5069711208343506,0.6787999868392944,0.9902012348175048
0.7989599704742432,0.6635196805000305,0.6555200219154358,1.0035234689712524,0.8435400128364563,0.5201008319854736,0.7706000208854675,0.7463908791542053,0.9022200107574464,0.3431385457515716,0.886900007724762,0.4017344117164612,0.8869799971580505,0.3979312479496002,0.8643199801445007,0.4615137577056885,0.851419985294342,0.503166675567627,0.678659975528717,0.9897043108940125
0.7988200187683105,0.660567581653595,0.6529200077056885,1.0043340921401978,0.8437399864196777,0.5201160311698914,0.7702999711036682,0.747605562210083,0.9016600251197816,0.3433776199817657,0.8864200115203857,0.4008461236953735,0.8881800174713135,0.3943886458873749,0.8652399778366089,0.4617945253849029,0.8520799875259399,0.5044477581977844,0.6775599718093872,0.9876459240913392
0.7984399795532227,0.6634029150009155,0.6543400287628174,1.0016833543777466,0.8439199924468994,0.5191882848739624,0.7710199952125549,0.7465311884880066,0.900820016860962,0.3447808623313904,0.8875399827957153,0.3999126553535461,0.8885200023651123,0.3946082293987274,0.8664399981498718,0.4608140885829925,0.8516600131988525,0.5063239336013794,0.678600013256073,0.9874284267425536
0.7975199818611145,0.6642276644706726,0.6547399759292603,1.0026942491531372,0.8446800112724304,0.5175813436508179,0.7721999883651733,0.7446044683456421,0.901960015296936,0.34261155128479,0.8882200121879578,0.3987683057785034,0.8878999948501587,0.3946760594844818,0.8633999824523926,0.4616143107414245,0.8508599996566772,0.5032909512519836,0.6785200238227844,0.9874804615974426
0.7983599901199341,0.6617226004600525,0.6531999707221985,1.0033016204833984,0.845300018787384,0.5180493593215942,0.77156001329422,0.7455984354019165,0.901639997959137,0.3415533304214477,0.8880199790000916,0.3963805139064789,0.888700008392334,0.3937723934650421,0.8637599945068359,0.4616864323616028,0.8502399921417236,0.504778265953064,0.6794400215148926,0.9862894415855408
0.7994999885559082,0.6607987284660339,0.6553999781608582,1.0019562244415283,0.8434200286865234,0.5183375477790833,0.7706400156021118,0.7436342239379883,0.9023000001907348,0.3408425748348236,0.8880199790000916,0.3971582055091858,0.8887799978256226,0.3950473368167877,0.8646799921989441,0.4607566893100738,0.8522800207138062,0.500906229019165,0.6797999739646912,0.9858977198600768
0.7985000014305115,0.6604511737823486,0.6547799706459045,1.0005637407302856,0.8464800119400024,0.5141884088516235,0.7715200185775757,0.7440380454063416,0.9020400047302246,0.3411818742752075,0.8878600001335144,0.3978682458400726,0.8878600001335144,0.3939478993415832,0.8646399974822998,0.4601075053215027,0.8508800268173218,0.5035116076469421,0.6777399778366089,0.9888079166412354
0.7999399900436401,0.660892903804779,0.6549800038337708,1.0013173818588257,0.8452600240707397,0.5163058638572693,0.7711399793624878,0.7446578741073608,0.9025400280952454,0.3400250077247619,0.8870599865913391,0.3997045755386352,0.8883000016212463,0.3926203548908233,0.8653200268745422,0.459548681974411,0.8521599769592285,0.5031594038009644,0.6791599988937378,0.9870665073394777
0.7976599931716919,0.6598430275917053,0.6569399833679199,0.9991745948791504,0.8464599847793579,0.5128743648529053,0.7707599997520447,0.744012713432312,0.9027199745178224,0.3400933742523193,0.8885200023651123,0.3961158096790313,0.8884999752044678,0.3938604593276977,0.8662999868392944,0.4591334760189056,0.851859986782074,0.5009996891021729,0.6770399808883667,0.9860868453979492
0.7989799976348877,0.6607779860496521,0.6553400158882141,1.0001447200775146,0.8473600149154663,0.5133680105209351,0.7721199989318848,0.7422460317611694,0.9018999934196472,0.3393651843070984,0.8876000046730042,0.3974313139915466,0.8895000219345093,0.3921893239021301,0.8657199740409851,0.4587958455085754,0.852400004863739,0.5012251734733582,0.6804999709129333,0.9861470460891724
0.7990800142288208,0.6606218814849854,0.6547799706459045,0.999441385269165,0.8463199734687805,0.512837827205658,0.7722200155258179,0.7425337433815002,0.9032400250434875,0.3390454351902008,0.8880000114440918,0.3970190584659576,0.8881199955940247,0.3924438655376434,0.8644000291824341,0.4606640636920929,0.8535199761390686,0.5011183023452759,0.6796600222587585,0.9852057099342346
0.7983999848365784,0.6586405634880066,0.6551799774169922,1.0016238689422607,0.8460999727249146,0.5157044529914856,0.7728599905967712,0.7417492270469666,0.9037799835205078,0.3367583453655243,0.8883000016212463,0.3964646756649017,0.8890399932861328,0.39156174659729,0.8651599884033203,0.4588845670223236,0.8529599905014038,0.5008208155632019,0.6787800192832947,0.9863590002059937
0.7989000082015991,0.6597276329994202,0.6546000242233276,0.9975404739379884,0.8474400043487549,0.513188362121582,0.7723000049591064,0.7413356900215149,0.902999997138977,0.3367046415805816,0.8886600136756897,0.3976945579051971,0.8868200182914734,0.3921237885951996,0.866100013256073,0.4578235447406769,0.8535199761390686,0.4999699890613556,0.679639995098114,0.9854846000671388
0.7997000217437744,0.6585199236869812,0.6549800038337708,0.9976460337638856,0.8467400074005127,0.5123001337051392,0.7710199952125549,0.7417060136795044,0.903760015964508,0.3367622196674347,0.8899199962615967,0.3939242959022522,0.8898400068283081,0.3897108137607574,0.8654199838638306,0.4579014182090759,0.852940022945404,0.4995013773441314,0.6801400184631348,0.9834113121032716
0.7996000051498413,0.659192681312561,0.6549800038337708,1.0004825592041016,0.8476399779319763,0.5112577080726624,0.7736799716949463,0.7401584386825562,0.90447998046875,0.3356804251670837,0.8891800045967102,0.3953539729118347,0.8900799751281738,0.3897930383682251,0.8662599921226501,0.4590655565261841,0.8531000018119812,0.5011714696884155,0.6800600290298462,0.9834703207015992
0.7979000210762024,0.6608479619026184,0.6569399833679199,0.9974768161773682,0.8467000126838684,0.5116786956787109,0.7725200057029724,0.7396641969680786,0.9041399955749512,0.3367214798927307,0.8880599737167358,0.3973544538021087,0.8898400068283081,0.389691412448883,0.8652799725532532,0.4594724178314209,0.8530399799346924,0.4988950490951538,0.6803600192070007,0.9839854836463928
0.8006200194358826,0.6572997570037842,0.6550999879837036,0.9979912638664246,0.8476200103759766,0.5115492939949036,0.7743399739265442,0.7371805310249329,0.9031599760055542,0.335704505443573,0.8889200091362,0.3944635987281799,0.8893600106239319,0.3917329311370849,0.8659800291061401,0.4570411443710327,0.8516200184822083,0.5016053915023804,0.6797400116920471,0.9849548935890198
0.7985600233078003,0.6596307158470154,0.6566200256347656,0.9979985356330872,0.8474799990653992,0.5099706053733826,0.7732399702072144,0.7417059540748596,0.9038000106811525,0.3356351852416992,0.8885800242424011,0.3953938782215118,0.8903999924659729,0.3877612948417663,0.8662800192832947,0.4581183493137359,0.8526999950408936,0.4987037777900696,0.6840000152587891,0.982302725315094
0.8002200126647949,0.6559117436408997,0.6583799719810486,0.9955697655677797,0.8483800292015076,0.5071982145309448,0.7739400267601013,0.7386928796768188,0.9041000008583068,0.3349663615226745,0.8904799818992615,0.3920369148254394,0.889240026473999,0.3884651958942413,0.8646799921989441,0.459443598985672,0.8537600040435791,0.5006914734840393,0.6802800297737122,0.984072744846344
0.800059974193573,0.6561325192451477,0.6538800001144409,0.9980313181877136,0.8473799824714661,0.5099400281906128,0.7744600176811218,0.7362675666809082,0.9033600091934204,0.3345310688018799,0.8881400227546692,0.3952524363994598,0.8903800249099731,0.3872419595718384,0.8655999898910522,0.4569480717182159,0.8528199791908264,0.4980296492576599,0.6808199882507324,0.9813477396965028
0.8006200194358826,0.6555538177490234,0.6569399833679199,0.9947217106819152,0.8481000065803528,0.5072954893112183,0.7730600237846375,0.7388718128204346,0.903819978237152,0.334021508693695,0.891040027141571,0.392070323228836,0.8914600014686584,0.3888503909111023,0.8659200072288513,0.4571578204631805,0.8540599942207336,0.4963270425796509,0.6812999844551086,0.9827301502227784
0.7997199892997742,0.6564412713050842,0.6562600135803223,0.9971540570259094,0.8488199710845947,0.5077500939369202,0.7749800086021423,0.7372846007347107,0.9038599729537964,0.3329983949661255,0.8895400166511536,0.3928037583827972,0.8901799917221069,0.3869354724884033,0.865559995174408,0.4584450423717499,0.8539199829101562,0.4965558648109436,0.6802999973297119,0.9810320138931274
0.7998600006103516,0.6564772129058838,0.6573200225830078,0.9949872493743896,0.8481799960136414,0.5079107284545898,0.7738999724388123,0.737899124622345,0.9037799835205078,0.3334253132343292,0.8899199962615967,0.3911500871181488,0.8905400037765503,0.3861480057239532,0.8670200109481812,0.4568911790847778,0.8538600206375122,0.4981216490268707,0.6808199882507324,0.9825013279914856
0.799340009689331,0.6561310291290283,0.6564000248908997,0.9966612458229064,0.848360002040863,0.5052903294563293,0.7754200100898743,0.7360993027687073,0.9042199850082396,0.3335790634155273,0.8888400197029114,0.3923957943916321,0.8914200067520142,0.3861196041107178,0.8654800057411194,0.4587593078613281,0.8549000024795532,0.4959262907505035,0.6825000047683716,0.9823045134544371
0.8001199960708618,0.6557291150093079,0.657039999961853,0.9959445595741272,0.8485999703407288,0.5070675015449524,0.7746599912643433,0.7372480630874634,0.9048200249671936,0.3318745195865631,0.8900200128555298,0.3908671736717224,0.8895599842071533,0.3873850405216217,0.8665400147438049,0.4548589587211609,0.8532999753952026,0.4986662566661834,0.6808000206947327,0.9824458360671996
0.8011400103569031,0.6525031328201294,0.6575199961662292,0.9937586784362792,0.8490999937057495,0.5057470798492432,0.7746400237083435,0.7354870438575745,0.903599977493286,0.3334430456161499,0.8897799849510193,0.3895638287067413,0.8909400105476379,0.3858426213264465,0.8662800192832947,0.45772585272789,0.8543000221252441,0.4960542321205139,0.6811000108718872,0.9805516600608826
0.7996000051498413,0.6551623940467834,0.6569600105285645,0.9941957592964172,0.8483999967575073,0.5070351362228394,0.7749800086021423,0.7359599471092224,0.9043599963188172,0.3321596086025238,0.8900399804115295,0.3923720419406891,0.8912400007247925,0.3851096630096435,0.8654999732971191,0.456560343503952,0.8547199964523315,0.4961504340171814,0.6817600131034851,0.9796268939971924
0.8015400171279907,0.6534852981567383,0.6559799909591675,0.997454047203064,0.8487600088119507,0.5055376887321472,0.7759199738502502,0.7357933521270752,0.905239999294281,0.3313661813735962,0.8896200060844421,0.3917439579963684,0.890500009059906,0.3851036727428436,0.865880012512207,0.4555897116661072,0.85343998670578,0.497256875038147,0.6819000244140625,0.9804983735084534
0.7998600006103516,0.6540194749832153,0.6561999917030334,0.9942715764045716,0.8502399921417236,0.5015990138053894,0.7746999859809875,0.736346960067749,0.905460000038147,0.3306292593479156,0.8900200128555298,0.3897865116596222,0.8909000158309937,0.3862147927284241,0.8662999868392944,0.4547641277313232,0.854960024356842,0.4931689202785492,0.6835600137710571,0.9798853397369384
0.7996799945831299,0.6567216515541077,0.6597800254821777,0.9908692836761476,0.8499799966812134,0.5025386810302734,0.7746000289916992,0.7363455295562744,0.905619978904724,0.3293891549110412,0.891480028629303,0.3889719843864441,0.8906999826431274,0.3830007910728454,0.865880012512207,0.4572072327136993,0.8561599850654602,0.494560033082962,0.6835799813270569,0.9804953336715698
0.8015400171279907,0.6526272892951965,0.6558200120925903,0.994145393371582,0.8493599891662598,0.504229724407196,0.7760599851608276,0.7352117896080017,0.9058600068092346,0.3287931680679321,0.8912000060081482,0.3904428780078888,0.8912000060081482,0.3841530084609985,0.8674399852752686,0.4545204639434814,0.8536199927330017,0.4950646460056305,0.6825799942016602,0.9799143075942992
0.8006799817085266,0.6555626392364502,0.6583799719810486,0.993896484375,0.8486199975013733,0.50332111120224,0.7759600281715393,0.7330225110054016,0.9046000242233276,0.3309763669967651,0.891219973564148,0.3883192837238312,0.8911799788475037,0.3849776983261108,0.8669999837875366,0.4557138681411743,0.8540999889373779,0.4935518503189087,0.6819000244140625,0.9797214269638062
0.800819993019104,0.6529884338378906,0.65802001953125,0.9929147362709044,0.8507400155067444,0.5017679929733276,0.7748799920082092,0.7344649434089661,0.9049400091171264,0.3307944536209106,0.8905199766159058,0.3903976678848266,0.8911200165748596,0.3826737999916076,0.8665000200271606,0.4538195729255676,0.8548799753189087,0.4945522546768188,0.683139979839325,0.978625476360321
0.8012800216674805,0.6530352234840393,0.6594399809837341,0.9905327558517456,0.8503400087356567,0.501488983631134,0.7745000123977661,0.7335203289985657,0.9049400091171264,0.3288313150405884,0.8901600241661072,0.3874590992927551,0.891480028629303,0.3834584057331085,0.8671600222587585,0.4558167159557342,0.8541600108146667,0.4935714304447174,0.6832600235939026,0.979405164718628
0.8010200262069702,0.6533538103103638,0.6591600179672241,0.9937536716461182,0.8508999943733215,0.5006005764007568,0.7744399905204773,0.7349944710731506,0.903819978237152,0.3295917212963104,0.8908799886703491,0.3881077468395233,0.8909199833869934,0.384425550699234,0.8666200041770935,0.4558606147766113,0.8556200265884399,0.4932906329631805,0.6822999715805054,0.9806448221206664
0.7996000051498413,0.6537922024726868,0.6571800112724304,0.9942075610160828,0.8521000146865845,0.4998255372047424,0.7773200273513794,0.732551097869873,0.9059000015258788,0.3285948038101196,0.8907399773597717,0.3890057504177093,0.8920199871063232,0.3839843273162842,0.8661800026893616,0.4535289108753204,0.8554199934005737,0.4934187531471252,0.6821799874305725,0.9781453609466552
0.8007799983024597,0.64961838722229,0.6589000225067139,0.9917963147163392,0.8515999913215637,0.4988109767436981,0.7756199836730957,0.7326428890228271,0.905780017375946,0.3289634883403778,0.8901600241661072,0.3887731730937958,0.890500009059906,0.3832098543643951,0.8667600154876709,0.4534531235694885,0.8552799820899963,0.4923591017723083,0.6833999752998352,0.9754992127418518
0.7999799847602844,0.6530134081840515,0.6568199992179871,0.9926517009735109,0.851419985294342,0.5001124739646912,0.7768999934196472,0.731096088886261,0.90583997964859,0.3274529576301574,0.8898599743843079,0.3889236450195312,0.8917999863624573,0.3820808529853821,0.8657199740409851,0.45589479804039,0.8545799851417542,0.4928547143936157,0.6844800114631653,0.9784947633743286
0.8019400238990784,0.6502219438552856,0.6583999991416931,0.9905091524124146,0.8513200283050537,0.4983868896961212,0.775160014629364,0.7307959198951721,0.9041399955749512,0.3277760148048401,0.891219973564148,0.3872086703777313,0.891759991645813,0.3822981119155884,0.8661199808120728,0.4552401602268219,0.8548600077629089,0.4911361038684845,0.6838600039482117,0.9763302206993104
0.8002200126647949,0.6532859206199646,0.6583999991416931,0.9891665577888488,0.8530600070953369,0.4976586699485779,0.7770199775695801,0.7306821942329407,0.9058799743652344,0.3278281986713409,0.8918399810791016,0.3848949670791626,0.8923400044441223,0.3797475099563598,0.8669000267982483,0.4542265236377716,0.8546199798583984,0.492096871137619,0.6832799911499023,0.9784388542175292
0.8014799952507019,0.650811493396759,0.6586199998855591,0.9910236597061156,0.8519600033760071,0.496378481388092,0.7756400108337402,0.7329873442649841,0.9066399931907654,0.3262109458446502,0.8911399841308594,0.3888716697692871,0.8926200270652771,0.3819727599620819,0.8666399717330933,0.4545424580574035,0.8556200265884399,0.4915693402290344,0.681119978427887,0.979735553264618
0.8014400005340576,0.652707040309906,0.6589800119400024,0.9915481209754944,0.8531799912452698,0.4964605867862701,0.7771199941635132,0.72905033826828,0.9048799872398376,0.328067421913147,0.8914399743080139,0.3861848413944244,0.891539990901947,0.3831480741500854,0.8678600192070007,0.4543991088867187,0.8551599979400635,0.4905851483345032,0.6827600002288818,0.9758261442184448
0.8020399808883667,0.6506946086883545,0.6589000225067139,0.9885651469230652,0.8513799905776978,0.4976981580257416,0.7785999774932861,0.7293879389762878,0.9065399765968324,0.3266956806182861,0.8921399712562561,0.3870409429073334,0.8914399743080139,0.3821234107017517,0.8662800192832947,0.4537570774555206,0.8546000123023987,0.4913408160209656,0.684220016002655,0.9764544367790222
0.8010200262069702,0.6514175534248352,0.6584799885749817,0.9897429943084716,0.8520399928092957,0.4963682889938354,0.7758600115776062,0.7324317097663879,0.907260000705719,0.3256334960460663,0.8914200067520142,0.3870809376239776,0.8929799795150757,0.3821407556533813,0.8676199913024902,0.4536963403224945,0.8549799919128418,0.4912146031856537,0.6834800243377686,0.9753074049949646
0.8014799952507019,0.649381160736084,0.6587399840354919,0.9888673424720764,0.8533599972724915,0.495887279510498,0.7774400115013123,0.7299392223358154,0.9053999781608582,0.3267851173877716,0.8919399976730347,0.3846489787101745,0.8931999802589417,0.3795783221721649,0.8673200011253357,0.4524592161178589,0.8556200265884399,0.490592747926712,0.6848000288009644,0.9758881330490112
0.8014400005340576,0.6506287455558777,0.6594200134277344,0.9903170466423036,0.8540999889373779,0.4941990971565246,0.7781199812889099,0.7277960777282715,0.9060800075531006,0.3250671923160553,0.8921599984169006,0.3871516287326813,0.891040027141571,0.3818067908287048,0.8681600093841553,0.4535292088985443,0.8568999767303467,0.4884752333164215,0.6847599744796753,0.9738369584083556
0.8019800186157227,0.6485096216201782,0.6590399742126465,0.988552987575531,0.853600025177002,0.4954490661621094,0.7777000069618225,0.7281186580657959,0.9058799743652344,0.3260027766227722,0.8921200037002563,0.3836169838905334,0.8925399780273438,0.3800717890262604,0.8660399913787842,0.4538160562515259,0.8559799790382385,0.4904314577579498,0.6844599843025208,0.9773632287979126
0.8010799884796143,0.6502164602279663,0.6584399938583374,0.9890194535255432,0.854200005531311,0.4932856261730194,0.778659999370575,0.7289465069770813,0.9048399925231934,0.3255337178707123,0.8921999931335449,0.3851734697818756,0.8924000263214111,0.3795883059501648,0.8667399883270264,0.4518273770809173,0.855180025100708,0.4916759133338928,0.6858599781990051,0.9750254154205322
0.8025599718093872,0.6500645875930786,0.6583200097084045,0.9883795380592346,0.8541200160980225,0.4934905469417572,0.7790399789810181,0.7283645868301392,0.9060199856758118,0.3249239027500152,0.8909599781036377,0.3857823014259338,0.8921200037002563,0.3792194128036499,0.8678600192070007,0.4511658549308777,0.8569999933242798,0.4868568778038025,0.6858400106430054,0.9736405611038208
0.8014799952507019,0.6498983502388,0.6598399877548218,0.9880829453468324,0.8528800010681152,0.4961788356304168,0.7776200175285339,0.7282695174217224,0.9064000248908995,0.3240470290184021,0.891700029373169,0.3853367865085602,0.8936799764633179,0.3786415755748749,0.8669999837875366,0.4526925086975097,0.8557999730110168,0.4888546466827392,0.6857799887657166,0.9750269651412964
0.8025799989700317,0.6485921740531921,0.6578800082206726,0.9888904094696044,0.8556200265884399,0.4926668703556061,0.7788800001144409,0.7276180982589722,0.9064800143241882,0.3228001296520233,0.8921599984169006,0.3833328187465668,0.8924000263214111,0.377778559923172,0.8676999807357788,0.4525558650493622,0.8549799919128418,0.4894134700298309,0.6858199834823608,0.9743629097938538
0.801639974117279,0.6494922041893005,0.6584200263023376,0.985729157924652,0.8538200259208679,0.4934298098087311,0.7781800031661987,0.7252352833747864,0.905120015144348,0.3261494040489197,0.8911600112915039,0.3830010592937469,0.8931599855422974,0.379472017288208,0.866919994354248,0.4539669454097748,0.8560199737548828,0.4872256219387054,0.6842600107192993,0.9752295017242432
0.8028600215911865,0.6480254530906677,0.6577000021934509,0.9892997145652772,0.8546599745750427,0.4897927045822143,0.7784600257873535,0.7274311184883118,0.9068400263786316,0.3227591514587402,0.891480028629303,0.3842478990554809,0.8945800065994263,0.3784182369709015,0.8675600290298462,0.4516960978507995,0.8578199744224548,0.4876133501529693,0.6878399848937988,0.9721830487251282
0.8025599718093872,0.6493943929672241,0.6596199870109558,0.98811674118042,0.8560799956321716,0.4915924668312073,0.7763599753379822,0.7291331887245178,0.9067599773406982,0.3229054808616638,0.8922600150108337,0.3847686052322387,0.892579972743988,0.3764421343803406,0.8684200048446655,0.4504519999027252,0.8568400144577026,0.488246887922287,0.6850600242614746,0.973699390888214
0.8022400140762329,0.648443341255188,0.6611400246620178,0.9878443479537964,0.8545600175857544,0.492781400680542,0.7785800099372864,0.7263906002044678,0.9069799780845642,0.3231405019760132,0.8923400044441223,0.383454829454422,0.8930000066757202,0.3761419951915741,0.8650799989700317,0.4533059000968933,0.8563799858093262,0.4879532158374786,0.6850399971008301,0.9744248986244202
0.803380012512207,0.6465420126914978,0.6596400141716003,0.9877384901046752,0.8549399971961975,0.4906316101551056,0.7786399722099304,0.7267380952835083,0.9059399962425232,0.3236978054046631,0.893060028553009,0.3825139105319977,0.8923799991607666,0.3784385025501251,0.8695999979972839,0.4511347413063049,0.8568800091743469,0.4878648817539215,0.686680018901825,0.9723285436630248
0.8025599718093872,0.6479523181915283,0.660319983959198,0.9878720045089722,0.855679988861084,0.4887123703956604,0.7792199850082397,0.7258597612380981,0.90666002035141,0.3211754560470581,0.8931000232696533,0.3830615878105163,0.893339991569519,0.3786517083644867,0.8651599884033203,0.4546828866004944,0.8570799827575684,0.4854610860347748,0.6851400136947632,0.9736614227294922
0.8021199703216553,0.6480125188827515,0.6604400277137756,0.9854443073272704,0.8558200001716614,0.4896408915519714,0.7799000144004822,0.7251760959625244,0.9068599939346312,0.3221459686756134,0.8922799825668335,0.3820136189460754,0.8935800194740295,0.376176118850708,0.8682199716567993,0.45148965716362,0.8562399744987488,0.486365258693695,0.6859800219535828,0.9747909307479858
0.8041399717330933,0.64761883020401,0.660260021686554,0.986964762210846,0.8557800054550171,0.4893372356891632,0.7778400182723999,0.727363646030426,0.907480001449585,0.322932630777359,0.8920599818229675,0.3836542069911957,0.8941400051116943,0.3773306906223297,0.868619978427887,0.4521908164024353,0.8580600023269653,0.4870898723602295,0.6854599714279175,0.9729449152946472
0.8028799891471863,0.6471412777900696,0.6613199710845947,0.9849698543548584,0.8547599911689758,0.4910581111907959,0.7781599760055542,0.7257043123245239,0.9065799713134766,0.3204540610313415,0.892520010471344,0.3820829391479492,0.8920199871063232,0.3767889440059662,0.8669400215148926,0.4522243440151214,0.8576200008392334,0.4846430718898773,0.6868199706077576,0.9714725017547609
0.803059995174408,0.6480361819267273,0.6601399779319763,0.9849631786346436,0.8548200130462646,0.4889503121376037,0.7785800099372864,0.7255967259407043,0.9079800248146056,0.3206634521484375,0.8922399878501892,0.3832413554191589,0.892579972743988,0.3776592910289764,0.8684399724006653,0.4505855143070221,0.8569599986076355,0.4869129657745361,0.684440016746521,0.974411964416504
0.803059995174408,0.6473737359046936,0.6579599976539612,0.9865196347236632,0.8572800159454346,0.4870859086513519,0.7792999744415283,0.723993182182312,0.906279981136322,0.3230434358119964,0.8917199969291687,0.3819182813167572,0.8925399780273438,0.3780362904071808,0.8685799837112427,0.4510329663753509,0.8568199872970581,0.4854336082935333,0.6875399947166443,0.9709606170654296
0.8029599785804749,0.6458736062049866,0.6581000089645386,0.9851398468017578,0.8567799925804138,0.4884025752544403,0.7799199819564819,0.7233788967132568,0.9055200219154358,0.3238409459590912,0.8931599855422974,0.3819354176521301,0.8938599824905396,0.3765800893306732,0.8672400116920471,0.4529708325862884,0.8565199971199036,0.4857204258441925,0.6870999932289124,0.9732333421707152
0.8037800192832947,0.6461793780326843,0.6582599878311157,0.9875488877296448,0.8565199971199036,0.4879833161830902,0.7804800271987915,0.7234981060028076,0.907039999961853,0.3209790289402008,0.8918799757957458,0.3821449875831604,0.893339991569519,0.3774605393409729,0.8677999973297119,0.4514697790145874,0.8572800159454346,0.4843978881835937,0.6877400279045105,0.9700684547424316
